1,Vivek
2,Vivek
3,Vivek
4,Vivek
5,Vivek
6,Vivek
7,Vivek
8,Vivek
9,Vivek
10,Vivek
11,Vivek
12,Vivek
13,Vivek
14,Vivek
15,Vivek
16,Vivek
17,Vivek
18,Vivek
19,Vivek
20,Vivek
21,Vivek
22,Vivek
23,Vivek
24,Vivek
25,Vivek
26,Vivek
27,Vivek
28,Vivek
29,Vivek
30,Vivek
31,Vivek
32,Vivek
33,Vivek
34,Vivek
35,Vivek
36,Vivek
37,Vivek
38,Vivek
39,Vivek
40,Vivek
41,Vivek
42,Vivek
43,Vivek
44,Vivek
45,Vivek
46,Vivek
47,Vivek
48,Vivek
49,Vivek
50,Vivek
51,Vivek
52,Vivek
53,Vivek
54,Vivek
55,Vivek
56,Vivek
57,Vivek
58,Vivek
59,Vivek
60,Vivek
61,Vivek
62,Vivek
63,Vivek
64,Vivek
65,Vivek
66,Vivek
67,Vivek
68,Vivek
69,Vivek
70,Vivek
71,Vivek
